id,first_name,last_name,email,gender,ip_address
1,Catlaina,Piwall,cpiwall0@utexas.edu,Female,66.234.17.1
2,Christabel,Coalburn,ccoalburn1@marriott.com,Female,54.135.117.106
3,Priscella,Seefeldt,pseefeldt2@oracle.com,Female,165.18.40.50
4,Davina,Rhelton,drhelton3@chronoengine.com,Bigender,6.227.94.2
5,Koressa,McGrill,kmcgrill4@telegraph.co.uk,Female,10.172.249.254
6,Dav,Birks,dbirks5@slideshare.net,Male,176.17.133.189
7,Arturo,Matterface,amatterface6@mail.ru,Male,103.0.165.103
8,Rora,Kempston,rkempston7@foxnews.com,Female,211.77.184.179
9,Hedwiga,Pittendreigh,hpittendreigh8@phoca.cz,Female,173.225.85.179
10,Forester,Goldes,fgoldes9@pagesperso-orange.fr,Male,216.192.11.235
11,Ber,Lingley,blingleya@buzzfeed.com,Male,237.103.22.195
12,Christie,Benning,cbenningb@sohu.com,Male,125.162.54.248
13,Christel,Collister,ccollisterc@arstechnica.com,Female,75.50.133.246
14,Stormi,Menham,smenhamd@amazon.de,Female,115.153.139.180
15,Hyatt,Tilson,htilsone@histats.com,Male,21.34.8.48
16,Ardella,Fluin,afluinf@elpais.com,Female,111.33.40.160
17,Shelley,Hackworthy,shackworthyg@mlb.com,Female,247.2.228.88
18,Tiphanie,Woliter,twoliterh@twitpic.com,Female,52.35.111.12
19,Jacquelin,Tart,jtarti@goo.ne.jp,Female,221.41.125.220
20,Eal,oldey,eoldeyj@washington.edu,Male,7.42.175.99
21,Madeleine,Mar,mmark@cbc.ca,Female,105.62.243.91
22,Aldo,Loughton,aloughtonl@unesco.org,Male,189.80.8.48
23,Marie-jeanne,Tregian,mtregianm@cam.ac.uk,Female,70.145.228.71
24,Webb,Macek,wmacekn@hostgator.com,Male,5.207.44.236
25,Claiborn,Samworth,csamwortho@smugmug.com,Male,159.22.156.203
26,Cristi,Landman,clandmanp@geocities.jp,Female,254.238.67.113
27,Raul,Shubotham,rshubothamq@ebay.com,Male,4.196.113.244
28,Michel,Pellitt,mpellittr@fc2.com,Female,221.30.55.66
29,Bethanne,Robley,brobleys@sciencedirect.com,Female,234.33.107.148
30,Kevina,Coombe,kcoombet@omniture.com,Female,5.109.155.107
31,Jorie,Salman,jsalmanu@surveymonkey.com,Female,80.197.164.180
32,Lani,Reedy,lreedyv@ovh.net,Female,234.74.16.189
33,Aaron,Worrell,aworrellw@economist.com,Male,155.182.106.72
34,Spense,Perrett,sperrettx@amazon.com,Male,44.101.55.3
35,Horten,Lipgens,hlipgensy@ebay.co.uk,Male,118.207.32.50
36,Hatti,Spofforth,hspofforthz@pen.io,Female,84.115.204.42
37,Mikaela,Hugh,mhugh10@freewebs.com,Female,146.198.133.181
38,Barth,Hiorn,bhiorn11@wufoo.com,Male,132.129.217.174
39,Jenny,Sambiedge,jsambiedge12@reuters.com,Non-binary,240.239.177.235
40,Elianore,Kaemena,ekaemena13@cargocollective.com,Female,106.24.194.188
41,Tirrell,Bradane,tbradane14@exblog.jp,Bigender,117.132.5.78
42,Desirae,Danks,ddanks15@ezinearticles.com,Female,89.79.3.178
43,Pinchas,Derobert,pderobert16@geocities.com,Male,67.41.190.210
44,Cristi,Barrowcliff,cbarrowcliff17@hibu.com,Genderfluid,210.58.255.20
45,Graehme,Lynam,glynam18@howstuffworks.com,Male,84.167.215.223
46,Torrin,Antonovic,tantonovic19@gmpg.org,Polygender,18.207.172.10
47,Fraser,Catmull,fcatmull1a@mtv.com,Male,46.147.140.126
48,Enos,Latour,elatour1b@squarespace.com,Male,113.103.249.39
49,Janeva,Heggs,jheggs1c@opera.com,Female,135.80.35.74
50,Gabriel,Nettle,gnettle1d@uiuc.edu,Male,2.167.58.26
51,Randall,Rourke,rrourke1e@vkontakte.ru,Male,158.41.81.161
52,Kennith,Lebel,klebel1f@seesaa.net,Male,59.79.35.194
53,Raphael,Wallsam,rwallsam1g@hexun.com,Male,245.167.13.159
54,Welch,Stedmond,wstedmond1h@sciencedaily.com,Male,238.52.247.5
55,Linette,Claxson,lclaxson1i@ustream.tv,Female,181.235.40.83
56,Gerda,Savill,gsavill1j@examiner.com,Female,129.239.168.115
57,Boone,Satchell,bsatchell1k@japanpost.jp,Male,200.105.6.172
58,Maribel,Bonnier,mbonnier1l@rediff.com,Female,220.75.181.171
59,Ogdon,Elflain,oelflain1m@msn.com,Male,97.158.74.93
60,Gilburt,Hubert,ghubert1n@about.me,Male,131.239.13.32
61,Enid,Abrahamsen,eabrahamsen1o@moonfruit.com,Female,50.169.198.98
62,Kory,Dury,kdury1p@symantec.com,Bigender,141.41.213.150
63,Lesly,McCorley,lmccorley1q@zimbio.com,Female,206.0.147.130
64,Frederica,Paladino,fpaladino1r@vinaora.com,Female,177.231.76.0
65,Sadie,Savin,ssavin1s@cloudflare.com,Female,215.234.190.75
66,Tuesday,Everall,teverall1t@rediff.com,Female,231.73.137.147
67,Gabriel,Alabastar,galabastar1u@github.io,Polygender,184.188.107.43
68,Clark,Sandaver,csandaver1v@hc360.com,Male,171.104.101.155
69,Bonny,Etheridge,betheridge1w@who.int,Female,42.157.228.250
70,Mariejeanne,Ormesher,mormesher1x@slate.com,Female,234.149.110.165
71,Jean,Huband,jhuband1y@51.la,Male,135.59.85.155
72,Berti,Yarrow,byarrow1z@ocn.ne.jp,Female,6.113.63.155
73,Dmitri,Thewless,dthewless20@nsw.gov.au,Male,237.211.101.253
74,Willamina,Krolik,wkrolik21@sourceforge.net,Female,150.5.101.200
75,Daniel,Rodden,drodden22@statcounter.com,Male,248.226.146.199
76,Ezechiel,Davidofski,edavidofski23@so-net.ne.jp,Male,58.254.159.160
77,Theresa,Fitzsymonds,tfitzsymonds24@ezinearticles.com,Female,218.68.158.135
78,Rock,Metzig,rmetzig25@scientificamerican.com,Male,77.54.62.49
79,Fairlie,Redborn,fredborn26@prnewswire.com,Male,48.127.176.42
80,Juliet,Spellesy,jspellesy27@1688.com,Female,43.68.168.149
81,Elden,Hagger,ehagger28@cornell.edu,Male,115.205.239.52
82,Agata,Clorley,aclorley29@yellowbook.com,Female,63.236.229.218
83,Aurlie,Churms,achurms2a@alibaba.com,Female,248.236.155.248
84,Dani,Hanington,dhanington2b@goodreads.com,Male,159.13.132.83
85,Deirdre,Mableson,dmableson2c@rediff.com,Female,208.241.118.206
86,Ephraim,Bilfoot,ebilfoot2d@dion.ne.jp,Male,68.29.168.4
87,Rourke,Hughes,rhughes2e@gizmodo.com,Male,51.50.127.239
88,Jervis,Carah,jcarah2f@github.com,Male,93.83.14.72
89,Blakelee,Sinnie,bsinnie2g@weebly.com,Female,202.111.158.198
90,Elmo,Meagh,emeagh2h@a8.net,Male,49.47.189.243
91,Marje,Stockport,mstockport2i@ow.ly,Female,145.39.15.110
92,Lucas,Zemler,lzemler2j@state.tx.us,Male,110.143.226.227
93,Kile,Petrulis,kpetrulis2k@goo.gl,Male,71.208.215.28
94,Keri,Sibun,ksibun2l@reverbnation.com,Female,34.193.24.31
95,Dennie,Gerrett,dgerrett2m@amazon.co.uk,Genderfluid,176.162.134.42
96,Vivianna,Gierhard,vgierhard2n@wisc.edu,Female,164.117.138.134
97,Nels,Damiral,ndamiral2o@com.com,Male,195.181.64.75
98,Deloria,Collelton,dcollelton2p@com.com,Genderfluid,225.247.39.158
99,Michail,Lankester,mlankester2q@ucla.edu,Male,101.60.213.73
100,Tedie,Okell,tokell2r@msu.edu,Male,213.55.170.41
101,Fowler,MacVicar,fmacvicar2s@unc.edu,Male,16.153.132.170
102,Veriee,Giacopetti,vgiacopetti2t@digg.com,Female,181.83.204.234
103,Chad,Bloggett,cbloggett2u@canalblog.com,Male,24.173.16.53
104,Gael,Bruniges,gbruniges2v@google.com.au,Female,0.188.9.21
105,Willem,Syddie,wsyddie2w@networkadvertising.org,Male,205.163.96.65
106,Briney,Benaine,bbenaine2x@newyorker.com,Female,65.41.255.190
107,Barnabe,Devote,bdevote2y@clickbank.net,Male,168.192.36.212
108,Crysta,von Grollmann,cvongrollmann2z@google.it,Agender,102.12.50.13
109,Pansy,Whelpton,pwhelpton30@slideshare.net,Female,33.22.219.113
110,Em,Wyldish,ewyldish31@jigsy.com,Female,243.178.177.238
111,Perice,Newberry,pnewberry32@unc.edu,Male,134.191.154.41
112,Nealson,Spours,nspours33@disqus.com,Male,190.225.238.122
113,Hamel,Morgan,hmorgan34@google.nl,Male,242.26.35.183
114,Delia,Point,dpoint35@yandex.ru,Female,113.168.249.242
115,Mateo,Allatt,mallatt36@fda.gov,Male,212.123.124.156
116,Maurie,Beernt,mbeernt37@discovery.com,Male,118.72.227.117
117,Forester,Murch,fmurch38@netscape.com,Male,55.221.25.125
118,Fielding,Cullinane,fcullinane39@mail.ru,Male,35.162.140.50
119,Josh,Putnam,jputnam3a@youtu.be,Male,108.208.182.1
120,Joceline,Roggers,jroggers3b@harvard.edu,Female,137.40.42.208
121,Oliver,Hanney,ohanney3c@digg.com,Male,108.159.177.234
122,Kahlil,Braidon,kbraidon3d@ca.gov,Male,138.18.100.161
123,Andrea,Laughtisse,alaughtisse3e@hatena.ne.jp,Male,63.140.83.74
124,Aube,Glassard,aglassard3f@woothemes.com,Male,38.121.139.203
125,Pryce,Clemow,pclemow3g@ask.com,Agender,142.242.166.13
126,Madison,Kuhnke,mkuhnke3h@booking.com,Male,203.187.134.25
127,Bunnie,Ferrucci,bferrucci3i@hubpages.com,Female,145.204.138.160
128,Savina,Blue,sblue3j@noaa.gov,Female,216.5.87.89
129,Greggory,O'Hegertie,gohegertie3k@go.com,Male,17.253.171.174
130,Kare,Lathleiff,klathleiff3l@europa.eu,Female,217.62.45.5
131,Roz,Norvill,rnorvill3m@sciencedaily.com,Female,245.159.138.84
132,Kalindi,Anelay,kanelay3n@t.co,Female,15.124.178.238
133,Boy,Curley,bcurley3o@devhub.com,Male,44.39.124.162
134,Rich,Comfort,rcomfort3p@nhs.uk,Male,166.244.106.195
135,Hermann,MacArthur,hmacarthur3q@wikispaces.com,Male,66.238.76.77
136,Timmy,Blanckley,tblanckley3r@blogs.com,Male,157.255.123.173
137,Clevie,Streak,cstreak3s@google.ru,Male,172.161.157.187
138,Yolande,Bramhall,ybramhall3t@hugedomains.com,Female,228.175.11.136
139,Shir,Pedroli,spedroli3u@fc2.com,Female,13.63.83.246
140,Ashly,Hindenburg,ahindenburg3v@devhub.com,Female,9.241.237.198
141,Trisha,Treffry,ttreffry3w@desdev.cn,Female,157.21.178.86
142,Gothart,Collet,gcollet3x@gov.uk,Male,222.120.8.227
143,Cecilio,Glowacki,cglowacki3y@homestead.com,Male,35.187.81.198
144,Nicola,Stafford,nstafford3z@homestead.com,Male,246.249.242.176
145,Ebonee,Banat,ebanat40@exblog.jp,Female,111.142.109.161
146,Theadora,Becerra,tbecerra41@ucoz.ru,Female,242.193.9.143
147,Ertha,Borrott,eborrott42@rakuten.co.jp,Female,173.228.22.179
148,Raye,Iacobassi,riacobassi43@tinyurl.com,Female,35.165.97.216
149,Hollie,Rehm,hrehm44@globo.com,Bigender,205.162.181.85
150,Colene,Beveridge,cbeveridge45@blinklist.com,Female,77.220.208.159
151,Kaine,Ladbrook,kladbrook46@dedecms.com,Male,157.225.123.255
152,Putnem,Lyles,plyles47@creativecommons.org,Genderqueer,34.249.9.104
153,Corabel,L'Episcopio,clepiscopio48@mozilla.com,Female,201.240.142.95
154,Cass,Favela,cfavela49@independent.co.uk,Female,141.174.246.144
155,Clayborne,Twigley,ctwigley4a@gizmodo.com,Male,238.49.33.73
156,Jenn,Roderigo,jroderigo4b@reverbnation.com,Female,6.217.65.52
157,Roosevelt,Warmisham,rwarmisham4c@ask.com,Male,100.228.128.151
158,Guillermo,Dodwell,gdodwell4d@bloglovin.com,Male,101.1.213.11
159,Haydon,Mathou,hmathou4e@reuters.com,Male,98.68.171.182
160,Avery,McCloy,amccloy4f@seattletimes.com,Male,74.143.123.223
161,Gerrilee,Filpi,gfilpi4g@cnet.com,Female,23.153.70.14
162,Mallissa,Spaducci,mspaducci4h@scribd.com,Female,162.145.251.68
163,Hilario,Ragbourn,hragbourn4i@51.la,Male,220.21.11.246
164,Deny,Jeromson,djeromson4j@theglobeandmail.com,Female,137.114.28.205
165,Timi,Burgill,tburgill4k@berkeley.edu,Female,45.178.180.178
166,Keri,Bownes,kbownes4l@fotki.com,Female,140.29.70.166
167,Dwight,Paten,dpaten4m@netscape.com,Male,92.64.28.151
168,Madge,Tipping,mtipping4n@upenn.edu,Female,228.219.231.146
169,Averil,Schoular,aschoular4o@nytimes.com,Male,244.231.141.173
170,Meggy,Blazy,mblazy4p@whitehouse.gov,Genderfluid,234.152.56.155
171,Eduardo,Budgey,ebudgey4q@drupal.org,Male,244.10.202.103
172,Frans,Philpotts,fphilpotts4r@state.gov,Male,89.192.58.59
173,Odessa,Portman,oportman4s@scientificamerican.com,Female,187.110.88.162
174,Bennie,Mullender,bmullender4t@example.com,Female,7.54.180.65
175,Muire,Crosham,mcrosham4u@msn.com,Female,229.229.113.47
176,Emmet,Christofe,echristofe4v@ocn.ne.jp,Male,29.239.54.95
177,Patrice,Grzegorzewski,pgrzegorzewski4w@networksolutions.com,Male,134.151.195.233
178,Jeffrey,Doughtery,jdoughtery4x@w3.org,Male,25.98.43.174
179,Juanita,Hyndson,jhyndson4y@51.la,Female,75.199.49.190
180,Bevvy,Doumer,bdoumer4z@timesonline.co.uk,Female,78.11.45.58
181,Ginny,Purnell,gpurnell50@51.la,Female,29.86.124.188
182,Kimble,Ashcroft,kashcroft51@marriott.com,Bigender,108.241.185.148
183,Marline,Kiddy,mkiddy52@flavors.me,Female,122.45.0.54
184,Terza,Gilli,tgilli53@123-reg.co.uk,Female,184.104.112.19
185,Hertha,Pridding,hpridding54@sakura.ne.jp,Female,212.165.128.51
186,Raina,Labat,rlabat55@themeforest.net,Female,223.190.125.77
187,Daniela,Fursey,dfursey56@youtube.com,Female,94.177.250.27
188,Jonis,Dovidaitis,jdovidaitis57@jiathis.com,Female,62.126.90.141
189,Jackie,Nudd,jnudd58@pinterest.com,Male,49.147.25.46
190,Beilul,Pusey,bpusey59@bigcartel.com,Female,74.19.79.140
191,Vail,Romagosa,vromagosa5a@ebay.co.uk,Polygender,75.51.186.210
192,Dolley,Ogilvy,dogilvy5b@harvard.edu,Female,123.223.177.173
193,Carey,Rasor,crasor5c@indiatimes.com,Male,192.175.67.11
194,Ileane,Freckelton,ifreckelton5d@apple.com,Female,102.119.82.83
195,Rikki,D'Antoni,rdantoni5e@columbia.edu,Female,34.78.198.78
196,Trey,Fooks,tfooks5f@github.io,Male,7.115.179.4
197,Herrick,Greest,hgreest5g@sogou.com,Male,233.24.151.128
198,Brinn,Ferre,bferre5h@google.com.br,Female,176.176.244.244
199,Berry,Toomer,btoomer5i@purevolume.com,Female,27.122.30.92
200,Kathye,Sorton,ksorton5j@bloglovin.com,Female,76.36.3.156
201,Rolf,Manicom,rmanicom5k@wiley.com,Male,14.219.230.139
202,Dean,Punton,dpunton5l@theatlantic.com,Male,18.216.219.171
203,Addy,Hachette,ahachette5m@eventbrite.com,Female,67.215.169.71
204,Mal,Nibley,mnibley5n@infoseek.co.jp,Male,187.109.3.127
205,Ardith,Woollin,awoollin5o@harvard.edu,Female,72.30.233.116
206,Kelli,Christophe,kchristophe5p@usnews.com,Female,84.32.26.143
207,Wilona,Prott,wprott5q@upenn.edu,Female,221.25.27.24
208,Colby,Bangle,cbangle5r@si.edu,Male,254.152.233.140
209,Kaile,Aluard,kaluard5s@intel.com,Female,195.200.203.193
210,Lorine,Baalham,lbaalham5t@newsvine.com,Female,222.65.165.33
211,Clyde,Gotthard,cgotthard5u@163.com,Male,147.219.2.161
212,Marilyn,Antonomoli,mantonomoli5v@mail.ru,Female,6.142.136.97
213,Verla,Thurstance,vthurstance5w@hostgator.com,Female,148.152.148.103
214,Mandi,Ligerton,mligerton5x@craigslist.org,Female,62.128.196.72
215,Aristotle,Barday,abarday5y@histats.com,Male,16.20.220.59
216,Ford,Durnill,fdurnill5z@ox.ac.uk,Male,15.129.61.53
217,Quinta,Bulman,qbulman60@indiatimes.com,Female,80.99.248.123
218,Ingaberg,Britt,ibritt61@cnbc.com,Female,118.33.175.121
219,Hazel,Sherewood,hsherewood62@nbcnews.com,Female,156.119.102.163
220,See,Housley,shousley63@guardian.co.uk,Male,80.148.245.90
221,Myrwyn,Everil,meveril64@opensource.org,Male,120.140.163.72
222,Lorna,Pedder,lpedder65@sourceforge.net,Female,191.8.124.76
223,Isacco,Tansey,itansey66@angelfire.com,Bigender,95.249.130.41
224,Tish,Clayson,tclayson67@virginia.edu,Female,90.100.15.161
225,Arley,Corke,acorke68@thetimes.co.uk,Male,133.156.85.43
226,Skippy,Simonds,ssimonds69@vinaora.com,Male,218.170.244.89
227,Alfons,Goracci,agoracci6a@multiply.com,Male,249.175.41.65
228,Loren,Duce,lduce6b@barnesandnoble.com,Male,46.204.192.157
229,Alana,Benedicto,abenedicto6c@auda.org.au,Female,196.183.185.100
230,Elizabeth,Dymott,edymott6d@creativecommons.org,Female,128.163.77.32
231,Keri,Gabriel,kgabriel6e@networksolutions.com,Female,118.38.32.194
232,Ronny,Mulderrig,rmulderrig6f@creativecommons.org,Male,152.252.115.12
233,Ardisj,Cristol,acristol6g@1688.com,Female,94.115.233.43
234,Fletch,Spinas,fspinas6h@apple.com,Male,166.223.103.187
235,Ondrea,Bes,obes6i@japanpost.jp,Female,105.142.40.106
236,Brady,Kendal,bkendal6j@examiner.com,Male,251.2.109.61
237,Dyann,Govey,dgovey6k@fema.gov,Female,136.187.157.136
238,Alene,Grubbe,agrubbe6l@hostgator.com,Female,83.39.4.176
239,Nancey,Peggs,npeggs6m@cbsnews.com,Female,158.242.229.233
240,Harlan,Newlove,hnewlove6n@theatlantic.com,Male,216.234.106.79
241,Nicola,Gerge,ngerge6o@stanford.edu,Male,87.40.88.90
242,Eloisa,Johl,ejohl6p@imgur.com,Female,44.53.183.40
243,Phylis,L'oiseau,ploiseau6q@delicious.com,Female,108.167.6.186
244,Theressa,O'Crevan,tocrevan6r@about.me,Female,166.235.11.84
245,Domingo,Nickless,dnickless6s@yolasite.com,Male,121.34.182.232
246,Romain,Hedgecock,rhedgecock6t@arizona.edu,Genderqueer,172.230.168.79
247,Wandis,Cheston,wcheston6u@nps.gov,Female,218.34.57.200
248,Ginni,Raymond,graymond6v@nps.gov,Non-binary,101.21.103.135
249,Charmion,Edmunds,cedmunds6w@sphinn.com,Female,67.252.162.246
250,Had,Looby,hlooby6x@netvibes.com,Male,197.243.223.192
251,Salomo,Skepper,sskepper6y@shop-pro.jp,Male,226.5.111.197
252,Aguie,Tolossi,atolossi6z@census.gov,Male,87.120.134.32
253,Torin,Ruoff,truoff70@imageshack.us,Male,91.149.227.16
254,Thorstein,Rentoll,trentoll71@wiley.com,Male,117.9.104.143
255,Jean,Spreadbury,jspreadbury72@vinaora.com,Male,254.245.206.229
256,Desmund,Balshaw,dbalshaw73@simplemachines.org,Male,50.92.47.203
257,Holmes,Drake,hdrake74@china.com.cn,Polygender,26.97.65.224
258,Cornelius,Bridie,cbridie75@sciencedirect.com,Male,208.208.119.97
259,Bartolemo,Duckels,bduckels76@latimes.com,Male,30.119.236.188
260,Diann,Dymidowski,ddymidowski77@rediff.com,Female,40.48.200.123
261,Yovonnda,Dugall,ydugall78@nifty.com,Female,169.255.242.164
262,Georgette,Limrick,glimrick79@sakura.ne.jp,Female,66.109.92.220
263,Kayne,Defrain,kdefrain7a@netvibes.com,Male,93.8.181.164
264,Rolfe,Digby,rdigby7b@taobao.com,Genderqueer,158.61.99.128
265,Horten,Pellatt,hpellatt7c@xing.com,Male,162.93.182.64
266,Towney,Seally,tseally7d@phpbb.com,Male,52.245.187.154
267,Berty,Spratling,bspratling7e@com.com,Female,231.80.247.172
268,Astra,Cicchinelli,acicchinelli7f@mediafire.com,Polygender,5.170.126.21
269,Reamonn,Nottingham,rnottingham7g@ezinearticles.com,Male,140.73.17.244
270,Quint,Pennell,qpennell7h@shinystat.com,Male,255.124.71.152
271,Jacky,Philipp,jphilipp7i@bing.com,Female,73.87.204.217
272,Berenice,Baum,bbaum7j@google.de,Female,102.77.21.176
273,Emelia,Mcmanaman,emcmanaman7k@webeden.co.uk,Female,148.122.59.243
274,Gusty,Billings,gbillings7l@blogspot.com,Female,187.124.222.71
275,Tessy,Chittock,tchittock7m@ustream.tv,Female,63.118.177.126
276,Krystyna,Dudbridge,kdudbridge7n@cam.ac.uk,Non-binary,117.123.79.207
277,Monique,Lythgoe,mlythgoe7o@google.co.uk,Female,163.23.129.192
278,Isabelita,Heckney,iheckney7p@deviantart.com,Female,50.69.133.103
279,Blondie,Langdon,blangdon7q@cdbaby.com,Bigender,137.203.193.34
280,Tana,Hoyles,thoyles7r@earthlink.net,Female,221.148.215.251
281,Melinda,Whorlton,mwhorlton7s@arstechnica.com,Polygender,171.56.124.137
282,Wes,Eamer,weamer7t@about.com,Non-binary,158.64.198.190
283,Mariquilla,Anstead,manstead7u@quantcast.com,Female,238.223.207.154
284,Joey,Goward,jgoward7v@epa.gov,Male,5.97.58.82
285,Kerianne,Blasdale,kblasdale7w@wikia.com,Female,28.177.26.119
286,Cooper,Sharram,csharram7x@tuttocitta.it,Male,210.152.29.148
287,Viviyan,Baynom,vbaynom7y@mysql.com,Female,134.140.32.174
288,Lionel,Curro,lcurro7z@ftc.gov,Male,139.219.177.115
289,Peyton,Kilpatrick,pkilpatrick80@g.co,Male,203.62.81.151
290,Kamila,Astill,kastill81@comsenz.com,Genderfluid,1.125.90.188
291,Maddalena,Clint,mclint82@toplist.cz,Female,14.124.214.227
292,Clare,Virr,cvirr83@macromedia.com,Non-binary,12.228.95.205
293,Sande,Luttgert,sluttgert84@constantcontact.com,Female,244.28.154.229
294,Marrilee,Dupoy,mdupoy85@wisc.edu,Bigender,68.228.98.253
295,Johnath,Karys,jkarys86@barnesandnoble.com,Female,67.157.2.167
296,Shani,Ourry,sourry87@usatoday.com,Female,127.106.212.240
297,Keenan,Kirsopp,kkirsopp88@businesswire.com,Male,162.128.201.23
298,Dieter,Geist,dgeist89@linkedin.com,Male,80.114.92.194
299,Mitch,Gyer,mgyer8a@answers.com,Male,97.221.65.144
300,Aliza,Feckey,afeckey8b@topsy.com,Female,67.182.30.182
301,Theodora,Brignell,tbrignell8c@liveinternet.ru,Female,71.18.150.52
302,Sarene,Row,srow8d@soup.io,Genderfluid,7.88.234.64
303,Risa,Alexandersen,ralexandersen8e@senate.gov,Female,172.195.144.159
304,Berti,Peatman,bpeatman8f@go.com,Female,111.197.104.42
305,Issiah,Fayne,ifayne8g@cafepress.com,Male,182.180.12.67
306,Giacopo,Simioni,gsimioni8h@php.net,Male,141.242.20.23
307,Delinda,Doulton,ddoulton8i@sun.com,Female,185.11.11.141
308,Vasily,Gergolet,vgergolet8j@jalbum.net,Male,127.189.161.152
309,Minor,Showering,mshowering8k@globo.com,Male,127.173.172.110
310,Clayson,Langan,clangan8l@xing.com,Male,216.150.89.87
311,Arv,Lahrs,alahrs8m@ezinearticles.com,Male,28.251.76.20
312,Marven,Haste,mhaste8n@newsvine.com,Non-binary,209.189.223.217
313,Wilbert,Linning,wlinning8o@github.io,Male,70.199.98.112
314,Garry,Bagniuk,gbagniuk8p@npr.org,Male,59.199.107.235
315,Felice,Kneale,fkneale8q@opensource.org,Female,194.42.184.27
316,Patsy,O'Lynn,polynn8r@weibo.com,Male,101.184.111.83
317,Janetta,Grimwad,jgrimwad8s@engadget.com,Female,168.224.230.110
318,Tuck,Caldaro,tcaldaro8t@imageshack.us,Male,77.222.86.175
319,Mikol,Kenington,mkenington8u@ox.ac.uk,Male,51.96.186.222
320,Bastien,Mattioni,bmattioni8v@nytimes.com,Male,104.144.140.91
321,Claire,Rawstorn,crawstorn8w@newsvine.com,Female,14.75.50.90
322,Esma,Kemish,ekemish8x@google.es,Polygender,112.21.103.254
323,Giff,Carnie,gcarnie8y@bandcamp.com,Male,189.28.179.176
324,Julian,Bale,jbale8z@apache.org,Male,35.170.241.130
325,Waldo,Dreschler,wdreschler90@baidu.com,Male,119.189.124.113
326,Elbert,Stone,estone91@ihg.com,Male,202.144.135.137
327,Sheff,Sewter,ssewter92@webs.com,Male,153.129.137.85
328,Thorstein,Chese,tchese93@ycombinator.com,Male,70.211.1.230
329,Maury,Jennrich,mjennrich94@ning.com,Male,75.160.70.88
330,Andres,Pardew,apardew95@comcast.net,Male,116.66.154.212
331,Danica,Stallan,dstallan96@networksolutions.com,Female,113.143.160.198
332,Sybyl,Caswill,scaswill97@addtoany.com,Female,237.243.91.115
333,Pall,Eaves,peaves98@wikispaces.com,Polygender,96.229.121.83
334,Celestyna,Strathe,cstrathe99@123-reg.co.uk,Female,249.150.186.107
335,Leupold,Southouse,lsouthouse9a@comsenz.com,Male,227.233.20.188
336,Ewart,Chomley,echomley9b@1688.com,Male,243.235.157.213
337,Kahlil,Edgeon,kedgeon9c@senate.gov,Male,213.179.77.195
338,Yank,Bromley,ybromley9d@goo.ne.jp,Male,71.243.2.44
339,Rafi,Figurski,rfigurski9e@istockphoto.com,Male,152.49.46.14
340,Ellery,Tratton,etratton9f@sakura.ne.jp,Male,249.192.241.36
341,Jamie,Bickell,jbickell9g@odnoklassniki.ru,Male,103.171.87.38
342,Alexina,Wisbey,awisbey9h@miibeian.gov.cn,Female,53.61.140.131
343,Shanie,Strotone,sstrotone9i@cloudflare.com,Female,178.236.44.0
344,Brad,Klosa,bklosa9j@1688.com,Male,159.229.143.46
345,Emeline,Aymeric,eaymeric9k@apache.org,Genderqueer,243.232.138.227
346,Mohandis,Strugnell,mstrugnell9l@fastcompany.com,Male,19.149.237.212
347,Gino,Marrion,gmarrion9m@jugem.jp,Male,51.157.234.191
348,Trey,Mapplethorpe,tmapplethorpe9n@sciencedirect.com,Male,27.143.136.250
349,Ailis,Pycock,apycock9o@twitpic.com,Female,91.103.198.18
350,Clair,Sykes,csykes9p@privacy.gov.au,Female,223.125.86.142
351,Bibbye,Corbet,bcorbet9q@fastcompany.com,Female,229.125.98.40
352,Brodie,Darington,bdarington9r@vkontakte.ru,Polygender,161.161.41.15
353,Emilie,Absolom,eabsolom9s@cbslocal.com,Female,146.165.137.232
354,Bud,Kopecka,bkopecka9t@cisco.com,Male,239.169.32.34
355,Creight,Atrill,catrill9u@cbc.ca,Male,212.27.58.175
356,Melitta,Gypson,mgypson9v@upenn.edu,Female,4.96.200.64
357,Syd,Wallett,swallett9w@hibu.com,Male,22.120.126.133
358,Clevie,Raittie,craittie9x@nasa.gov,Male,23.234.106.179
359,Ludovico,Jakubowsky,ljakubowsky9y@boston.com,Male,199.48.142.48
360,Pippy,Varran,pvarran9z@histats.com,Female,17.37.21.33
361,Nicolette,Blankenship,nblankenshipa0@ning.com,Female,135.62.221.234
362,Aloisia,Marcome,amarcomea1@wix.com,Female,68.14.42.110
363,Ken,Cagan,kcagana2@multiply.com,Male,252.168.118.77
364,Cleve,Wesker,cweskera3@gov.uk,Male,40.74.163.47
365,Bartholomeo,Halwell,bhalwella4@va.gov,Genderqueer,68.167.114.158
366,Gal,Sperrett,gsperretta5@diigo.com,Male,165.196.76.67
367,Hedy,Pauley,hpauleya6@is.gd,Female,196.105.210.115
368,Pauline,Smithson,psmithsona7@cloudflare.com,Female,12.2.240.175
369,Pepita,Kidd,pkidda8@cdbaby.com,Female,200.241.166.156
370,Salmon,Godfray,sgodfraya9@sakura.ne.jp,Male,76.83.239.208
371,Whitaker,Monelli,wmonelliaa@hexun.com,Male,146.46.217.204
372,Leonanie,Mountlow,lmountlowab@illinois.edu,Female,111.120.25.76
373,Fidelio,Waything,fwaythingac@google.de,Male,42.11.18.70
374,Jaymie,Powdrill,jpowdrillad@ustream.tv,Male,147.195.230.190
375,Kinny,Bru,kbruae@ucoz.com,Agender,110.28.236.206
376,Pooh,Coxhead,pcoxheadaf@sina.com.cn,Male,110.49.121.30
377,Gaelan,Size,gsizeag@cbslocal.com,Male,152.244.20.27
378,Nady,Archdeacon,narchdeaconah@imageshack.us,Female,139.177.70.47
379,Floria,Rennox,frennoxai@ycombinator.com,Female,185.14.30.126
380,Kaylyn,Bergstram,kbergstramaj@tuttocitta.it,Female,195.110.51.174
381,Quincey,Izkovici,qizkoviciak@mashable.com,Male,215.206.248.214
382,Bethina,Sharphouse,bsharphouseal@facebook.com,Female,9.254.161.145
383,Herminia,Megainey,hmegaineyam@hhs.gov,Female,64.221.240.251
384,Urbanus,Swindle,uswindlean@usnews.com,Male,196.180.230.36
385,Verine,Hoyes,vhoyesao@seesaa.net,Female,87.190.23.180
386,Ches,Kays,ckaysap@desdev.cn,Male,62.40.73.43
387,Eugine,Westby,ewestbyaq@scientificamerican.com,Female,126.198.4.49
388,Ulick,Conibear,uconibearar@rediff.com,Male,46.184.177.97
389,Olenka,Colmore,ocolmoreas@ibm.com,Female,46.40.210.149
390,Dionne,Cream,dcreamat@qq.com,Female,2.18.243.187
391,Merrill,Sandham,msandhamau@msu.edu,Female,142.96.61.145
392,Prescott,Mc Kellen,pmckellenav@wp.com,Male,130.158.110.223
393,Vanni,Howgill,vhowgillaw@ustream.tv,Female,163.23.21.103
394,Hebert,Nabarro,hnabarroax@posterous.com,Male,253.115.198.180
395,Sapphira,Adhams,sadhamsay@google.ru,Female,87.108.91.211
396,Lora,Houtby,lhoutbyaz@phoca.cz,Female,37.214.29.149
397,Lauralee,Caldecourt,lcaldecourtb0@elpais.com,Female,45.240.59.47
398,Carina,Muckeen,cmuckeenb1@furl.net,Genderqueer,145.14.189.52
399,Dill,Van Salzberger,dvansalzbergerb2@loc.gov,Male,91.37.5.121
400,Ilise,MacCaull,imaccaullb3@t-online.de,Polygender,147.72.156.120
401,Gaultiero,Petrelli,gpetrellib4@cocolog-nifty.com,Male,29.180.168.55
402,Helenelizabeth,Quernel,hquernelb5@comsenz.com,Female,197.62.13.168
403,Loree,Brakespear,lbrakespearb6@wordpress.com,Female,120.106.17.98
404,Idaline,Heaslip,iheaslipb7@smh.com.au,Female,235.226.183.19
405,Rozamond,Moreno,rmorenob8@sun.com,Female,168.206.200.229
406,Jeri,Aaron,jaaronb9@webs.com,Female,89.250.137.153
407,Mareah,Spon,msponba@huffingtonpost.com,Female,102.149.125.96
408,Ferrell,Walhedd,fwalheddbb@ucla.edu,Male,107.74.148.15
409,Felix,Quartermaine,fquartermainebc@goodreads.com,Polygender,63.5.34.81
410,Lisetta,Domenge,ldomengebd@newyorker.com,Female,74.194.7.214
411,Costa,Debow,cdebowbe@jiathis.com,Polygender,134.131.107.233
412,Rafaello,Corzon,rcorzonbf@123-reg.co.uk,Male,251.76.53.162
413,Vinny,Sparrowe,vsparrowebg@jimdo.com,Male,53.253.85.231
414,Sydney,Pargent,spargentbh@domainmarket.com,Male,44.134.152.189
415,Katherina,Demetr,kdemetrbi@foxnews.com,Female,129.170.104.10
416,Koressa,Edmeads,kedmeadsbj@nbcnews.com,Female,36.205.125.119
417,Wittie,Layborn,wlaybornbk@blogtalkradio.com,Male,101.187.90.46
418,Raf,Duckworth,rduckworthbl@pbs.org,Female,170.39.134.51
419,Korney,Grimbaldeston,kgrimbaldestonbm@naver.com,Genderqueer,211.187.78.228
420,Bellanca,Kenningham,bkenninghambn@discovery.com,Female,86.157.188.141
421,Kalina,Hebbs,khebbsbo@adobe.com,Female,156.29.178.192
422,Martyn,Filippov,mfilippovbp@nba.com,Male,116.206.70.131
423,Wynn,Bernardon,wbernardonbq@europa.eu,Male,219.108.0.242
424,Oby,Towers,otowersbr@nature.com,Male,225.12.224.244
425,Launce,Totman,ltotmanbs@ibm.com,Male,66.12.207.209
426,August,Pattlel,apattlelbt@senate.gov,Male,236.52.81.171
427,Anjela,Luckey,aluckeybu@diigo.com,Female,196.113.10.149
428,Stan,Goodge,sgoodgebv@printfriendly.com,Male,155.33.8.185
429,Yolanda,Dimanche,ydimanchebw@reverbnation.com,Female,197.233.107.71
430,Kaitlynn,Gwyn,kgwynbx@redcross.org,Female,85.211.254.208
431,Harli,Lancastle,hlancastleby@jiathis.com,Female,23.247.148.36
432,Dunc,Gravestone,dgravestonebz@domainmarket.com,Genderqueer,210.116.220.213
433,Erinna,Alden,ealdenc0@godaddy.com,Female,153.214.159.68
434,Chelsie,de Quincey,cdequinceyc1@deliciousdays.com,Female,100.54.177.104
435,Aprilette,Wissby,awissbyc2@businesswire.com,Female,85.140.176.215
436,Arly,Cahey,acaheyc3@goo.ne.jp,Female,111.161.106.214
437,Abigael,Brunroth,abrunrothc4@time.com,Genderfluid,0.245.39.40
438,Homere,Suddell,hsuddellc5@phpbb.com,Male,161.200.81.109
439,Ernest,Schultze,eschultzec6@netscape.com,Male,59.73.73.132
440,Roscoe,Devereu,rdevereuc7@house.gov,Male,66.58.67.237
441,Lurleen,Lantuff,llantuffc8@mozilla.com,Female,19.22.133.58
442,Teri,Whitmore,twhitmorec9@wired.com,Female,116.26.193.152
443,Onfroi,Rogerot,orogerotca@oakley.com,Male,200.47.219.118
444,Raymund,Greenmon,rgreenmoncb@mit.edu,Male,156.240.54.176
445,Marv,McCaw,mmccawcc@google.it,Male,84.36.149.129
446,Kellyann,Runcie,krunciecd@examiner.com,Female,52.105.49.116
447,Glynda,Penna,gpennace@mozilla.org,Female,36.234.93.9
448,Agathe,Durnan,adurnancf@marketwatch.com,Female,193.14.170.209
449,Ado,Howle,ahowlecg@nationalgeographic.com,Male,240.192.164.227
450,Malissia,Sill,msillch@joomla.org,Female,161.188.230.205
451,Max,Manketell,mmanketellci@amazon.co.jp,Female,131.93.208.156
452,Shannah,Lye,slyecj@cafepress.com,Female,96.195.157.59
453,Netty,Mayow,nmayowck@yellowbook.com,Female,138.238.18.139
454,Mortie,Walbrook,mwalbrookcl@bing.com,Agender,130.140.156.196
455,Odilia,Pigrome,opigromecm@economist.com,Female,207.188.85.247
456,Jerald,Ashborn,jashborncn@vkontakte.ru,Male,88.151.242.254
457,Rasia,De La Cote,rdelacoteco@oaic.gov.au,Female,2.114.155.231
458,Alex,Madine,amadinecp@unblog.fr,Male,57.116.107.172
459,Gard,Middlemass,gmiddlemasscq@de.vu,Male,125.229.51.93
460,Seamus,Hinrichs,shinrichscr@qq.com,Male,159.180.47.153
461,Pippo,Newbigging,pnewbiggingcs@oracle.com,Male,45.37.18.251
462,Hugh,Challice,hchallicect@desdev.cn,Male,33.62.107.23
463,Virgie,McVrone,vmcvronecu@theatlantic.com,Genderqueer,242.26.77.204
464,Caroline,Losbie,closbiecv@163.com,Female,114.114.26.180
465,Ferd,Retallack,fretallackcw@answers.com,Male,203.196.248.133
466,Glendon,Amiable,gamiablecx@cisco.com,Male,245.199.141.84
467,Carmon,Janzen,cjanzency@wp.com,Female,149.229.87.135
468,Marcellus,Goodlife,mgoodlifecz@who.int,Male,10.22.27.84
469,Lorne,Broadhead,lbroadheadd0@pagesperso-orange.fr,Genderfluid,50.116.121.82
470,Maxwell,Warrack,mwarrackd1@cnbc.com,Male,98.189.115.181
471,Kass,Timlett,ktimlettd2@tripadvisor.com,Polygender,100.94.124.137
472,Matti,Disney,mdisneyd3@sitemeter.com,Female,36.101.101.95
473,Peggi,Huey,phueyd4@blogspot.com,Genderqueer,141.2.4.207
474,Nial,Dyers,ndyersd5@lycos.com,Male,43.187.213.100
475,Layton,Purrington,lpurringtond6@shop-pro.jp,Male,46.9.209.195
476,Ailis,Resun,aresund7@tiny.cc,Female,81.232.55.175
477,Karlotta,Rigney,krigneyd8@businessinsider.com,Female,194.57.23.191
478,Abby,Fewster,afewsterd9@cyberchimps.com,Male,187.119.204.73
479,Genevra,Litt,glittda@moonfruit.com,Female,29.243.198.110
480,Shellysheldon,Conrart,sconrartdb@usda.gov,Male,149.85.50.15
481,Marlo,Nyland,mnylanddc@washingtonpost.com,Male,196.100.248.119
482,Elmer,Belverstone,ebelverstonedd@symantec.com,Male,184.16.99.232
483,Maryanna,Tomasoni,mtomasonide@networksolutions.com,Female,155.191.242.142
484,Bruis,Decourcy,bdecourcydf@senate.gov,Male,51.29.202.146
485,Hardy,Starr,hstarrdg@com.com,Male,2.99.97.55
486,Orrin,Castanyer,ocastanyerdh@php.net,Male,73.197.219.34
487,Belle,Chesterman,bchestermandi@newyorker.com,Female,77.176.206.75
488,Katey,Petrolli,kpetrollidj@mit.edu,Female,110.50.208.185
489,Geraldine,Geraud,ggerauddk@samsung.com,Female,87.216.167.228
490,Marna,O'Carrol,mocarroldl@vkontakte.ru,Female,113.136.31.106
491,Bradley,Custy,bcustydm@examiner.com,Male,187.135.30.166
492,Lancelot,Fellon,lfellondn@state.tx.us,Male,114.184.204.218
493,Gennie,Fooks,gfooksdo@pen.io,Female,187.180.223.29
494,Ardyce,Di Franceschi,adifranceschidp@omniture.com,Female,17.159.60.1
495,Dedie,Dumphy,ddumphydq@livejournal.com,Female,12.115.138.79
496,Abigail,Butler,abutlerdr@yellowpages.com,Female,245.4.30.73
497,Lela,Marples,lmarplesds@wufoo.com,Female,0.179.52.197
498,Alasdair,Maynard,amaynarddt@wordpress.org,Male,145.226.97.150
499,Ludovico,Simcox,lsimcoxdu@edublogs.org,Male,116.21.254.220
500,Corbie,Byrd,cbyrddv@biglobe.ne.jp,Male,45.207.128.255
501,Rosalinde,Faiers,rfaiersdw@tamu.edu,Female,92.174.104.78
502,Werner,Pock,wpockdx@elegantthemes.com,Male,252.31.163.30
503,Ailis,Mawtus,amawtusdy@github.com,Female,204.234.18.54
504,Marve,Inston,minstondz@nature.com,Male,195.247.33.139
505,Andrea,Standish,astandishe0@people.com.cn,Female,108.71.180.17
506,Ag,Dansken,adanskene1@statcounter.com,Female,22.161.179.176
507,Gerald,Simonds,gsimondse2@java.com,Male,194.243.30.204
508,Tootsie,Taillard,ttaillarde3@unesco.org,Female,21.225.211.66
509,Jaquenetta,Pleasaunce,jpleasauncee4@fema.gov,Female,207.72.156.82
510,Sylas,Ellerton,sellertone5@canalblog.com,Male,237.193.104.71
511,Valdemar,Stow,vstowe6@addthis.com,Male,188.235.13.214
512,Amanda,Kimm,akimme7@youku.com,Female,147.175.222.96
513,Francyne,Foan,ffoane8@goo.gl,Female,51.177.115.134
514,Rochell,Tales,rtalese9@squidoo.com,Female,243.179.254.171
515,Jodie,Gilleson,jgillesonea@weather.com,Male,70.137.21.12
516,Lilia,Ortet,lorteteb@nbcnews.com,Female,117.13.36.7
517,Gareth,Wright,gwrightec@irs.gov,Male,156.208.154.203
518,Sheppard,Johl,sjohled@berkeley.edu,Male,248.104.42.53
519,Inez,Puttrell,iputtrellee@nifty.com,Female,232.156.131.179
520,Dave,Harston,dharstonef@furl.net,Male,111.128.4.37
521,Berni,Booij,bbooijeg@businesswire.com,Female,212.40.212.95
522,Annabal,Sevin,asevineh@yandex.ru,Female,25.66.161.186
523,Osbert,Cow,ocowei@sciencedaily.com,Male,180.63.171.214
524,Donia,MacGragh,dmacgraghej@stumbleupon.com,Female,160.88.95.55
525,Ivan,Cullington,icullingtonek@hexun.com,Male,111.46.157.99
526,Vilma,Votier,vvotierel@php.net,Female,32.188.219.163
527,Thomasina,Poundsford,tpoundsfordem@biblegateway.com,Non-binary,216.49.207.198
528,Philomena,Pengilley,ppengilleyen@1688.com,Female,111.72.13.15
529,Jessalin,Fraczek,jfraczekeo@mashable.com,Female,25.181.110.5
530,Cello,Trafford,ctraffordep@alexa.com,Genderqueer,94.106.209.88
531,Desdemona,Dyhouse,ddyhouseeq@miibeian.gov.cn,Female,0.172.139.97
532,Roosevelt,Uman,rumaner@soundcloud.com,Male,121.157.7.135
533,Burgess,Worviell,bworvielles@unicef.org,Male,6.76.83.66
534,Kelsi,Martyntsev,kmartyntsevet@yahoo.com,Female,132.56.125.77
535,Jo ann,Ferroli,jferrolieu@prnewswire.com,Female,196.32.156.144
536,Ceciley,Braisher,cbraisherev@nba.com,Genderfluid,145.234.127.9
537,Elaina,Romanini,eromaniniew@sun.com,Non-binary,114.27.128.118
538,Kelby,Pierucci,kpierucciex@cnet.com,Male,8.95.20.147
539,Gage,Levinge,glevingeey@mac.com,Male,220.247.152.10
540,Hugh,Finlay,hfinlayez@fotki.com,Male,124.122.72.25
541,Darryl,Tregidga,dtregidgaf0@japanpost.jp,Male,152.17.25.200
542,Aurora,Blissitt,ablissittf1@zdnet.com,Female,148.4.164.44
543,Douglass,Townshend,dtownshendf2@vkontakte.ru,Male,175.226.122.155
544,Arlene,Akers,aakersf3@hostgator.com,Bigender,200.220.106.23
545,Everett,Steers,esteersf4@indiatimes.com,Male,25.186.87.224
546,Hesther,Lathy,hlathyf5@bbb.org,Female,159.127.19.134
547,Codee,Ladel,cladelf6@prnewswire.com,Female,59.20.177.107
548,Welbie,Eddow,weddowf7@rambler.ru,Male,203.66.79.160
549,Tedd,Rosebotham,trosebothamf8@acquirethisname.com,Male,139.206.106.53
550,Tonya,Hove,thovef9@tmall.com,Female,124.231.247.155
551,Henka,Adamo,hadamofa@craigslist.org,Female,245.193.62.116
552,Ortensia,Clemoes,oclemoesfb@theglobeandmail.com,Female,165.54.18.225
553,Tremaine,Bineham,tbinehamfc@goo.ne.jp,Male,143.31.193.45
554,Monti,Graveston,mgravestonfd@eepurl.com,Male,238.65.226.206
555,Eduino,Barbey,ebarbeyfe@dropbox.com,Male,189.176.154.115
556,Glenn,Loader,gloaderff@ft.com,Female,41.30.214.170
557,Rodrique,Quiddinton,rquiddintonfg@twitpic.com,Male,11.203.16.53
558,Codi,Mayou,cmayoufh@g.co,Male,204.174.147.233
559,Lissi,Lauridsen,llauridsenfi@unicef.org,Genderqueer,218.211.133.52
560,Adelind,Jeschner,ajeschnerfj@163.com,Female,95.11.134.86
561,Nita,Sprowson,nsprowsonfk@dmoz.org,Female,242.185.251.215
562,Linn,Whitemarsh,lwhitemarshfl@amazon.co.jp,Male,97.204.174.162
563,Andreana,Gawthrop,agawthropfm@mayoclinic.com,Female,176.125.243.104
564,Rick,O'Finan,rofinanfn@vinaora.com,Male,124.65.85.182
565,Tuck,Kobes,tkobesfo@geocities.com,Male,176.70.83.221
566,Eliot,Bernardy,ebernardyfp@salon.com,Male,98.96.32.43
567,Rodrick,Burless,rburlessfq@usgs.gov,Male,214.32.99.235
568,Orion,Chartre,ochartrefr@freewebs.com,Male,179.158.36.19
569,Osborn,Curtois,ocurtoisfs@t-online.de,Polygender,221.121.14.44
570,Caprice,Cleynaert,ccleynaertft@amazon.de,Female,214.117.55.136
571,Bobette,Timblett,btimblettfu@networkadvertising.org,Female,239.195.150.20
572,Lori,Spittal,lspittalfv@hugedomains.com,Female,230.159.32.114
573,Gail,Friary,gfriaryfw@vinaora.com,Female,192.58.149.65
574,Norry,Billyeald,nbillyealdfx@purevolume.com,Female,144.231.130.34
575,Zonnya,Knibley,zknibleyfy@cdbaby.com,Female,213.64.255.170
576,Haskell,MacGillivray,hmacgillivrayfz@webmd.com,Male,152.78.164.239
577,Blayne,Griston,bgristong0@google.co.jp,Male,172.127.187.69
578,Nola,Penhalewick,npenhalewickg1@ning.com,Female,163.164.254.144
579,Ashil,Michurin,amichuring2@symantec.com,Female,254.138.44.17
580,Ros,Lentsch,rlentschg3@mac.com,Female,131.133.57.199
581,Lorry,Winley,lwinleyg4@hugedomains.com,Male,57.206.27.66
582,Morey,Guilfoyle,mguilfoyleg5@taobao.com,Male,58.159.64.67
583,Ulrikaumeko,Glasgow,uglasgowg6@si.edu,Female,165.21.42.242
584,Rees,Gain,rgaing7@mapquest.com,Male,60.152.72.138
585,Dolores,Maudsley,dmaudsleyg8@miibeian.gov.cn,Female,82.143.39.111
586,Burlie,Phippin,bphipping9@bloglovin.com,Male,90.189.165.181
587,Pearce,Millar,pmillarga@weibo.com,Male,122.105.140.8
588,Ray,Richley,rrichleygb@gnu.org,Male,246.152.249.188
589,Larry,Vaskov,lvaskovgc@xing.com,Male,198.77.87.175
590,Wynny,Crickett,wcrickettgd@g.co,Non-binary,216.134.51.200
591,Gwynne,Shackleford,gshacklefordge@weather.com,Female,209.146.217.153
592,Neilla,Prahm,nprahmgf@live.com,Female,77.203.105.99
593,Packston,Pougher,ppoughergg@tuttocitta.it,Male,22.126.126.208
594,Dareen,Pauler,dpaulergh@prnewswire.com,Polygender,108.226.215.59
595,Aguste,Agg,aagggi@tinyurl.com,Non-binary,232.253.62.110
596,Adan,Currall,acurrallgj@ycombinator.com,Female,149.246.224.188
597,Thain,Gladbach,tgladbachgk@dyndns.org,Male,22.134.193.238
598,Kristofor,Rigard,krigardgl@ted.com,Male,108.150.80.254
599,Caressa,Norval,cnorvalgm@so-net.ne.jp,Female,197.156.111.95
600,Haroun,Greim,hgreimgn@fda.gov,Male,143.169.243.126
601,Celestyna,Strelitz,cstrelitzgo@chicagotribune.com,Female,54.2.65.79
602,Cherrita,Cobbin,ccobbingp@xrea.com,Female,221.203.55.42
603,Hilarius,Hens,hhensgq@virginia.edu,Male,17.103.67.167
604,Erna,O'Dyvoy,eodyvoygr@vistaprint.com,Female,216.87.202.244
605,Price,Buyers,pbuyersgs@wikispaces.com,Male,185.234.164.125
606,Annamaria,Quartley,aquartleygt@google.cn,Female,101.157.191.244
607,Stephie,Roskilly,sroskillygu@twitter.com,Female,151.252.6.41
608,Estella,Say,esaygv@reverbnation.com,Female,39.98.175.177
609,Gene,O'Reagan,goreagangw@tumblr.com,Female,71.18.200.149
610,Niall,Bessey,nbesseygx@instagram.com,Male,152.206.222.164
611,Marne,Hoolaghan,mhoolaghangy@cbslocal.com,Female,130.29.175.182
612,Silvester,Northridge,snorthridgegz@va.gov,Male,89.53.52.122
613,Darleen,Farran,dfarranh0@usgs.gov,Female,206.215.133.125
614,Hastings,Cirlos,hcirlosh1@phoca.cz,Male,163.255.31.87
615,Florance,Downs,fdownsh2@spiegel.de,Female,39.196.180.31
616,Torrie,Cleland,tclelandh3@disqus.com,Female,208.142.44.87
617,Malchy,Cuchey,mcucheyh4@usda.gov,Male,178.42.216.36
618,Rowena,Hupe,rhupeh5@boston.com,Female,103.204.185.56
619,Julian,Sturridge,jsturridgeh6@narod.ru,Male,209.121.42.29
620,Emogene,Cust,ecusth7@dailymotion.com,Female,5.20.191.175
621,Michele,Bunny,mbunnyh8@altervista.org,Female,74.49.37.241
622,Roxi,Levicount,rlevicounth9@e-recht24.de,Female,11.220.164.121
623,Falito,Tinton,ftintonha@scientificamerican.com,Male,29.210.165.123
624,Marmaduke,Purches,mpurcheshb@redcross.org,Male,35.50.92.82
625,Savina,MacGaughie,smacgaughiehc@amazon.co.jp,Genderfluid,126.221.11.78
626,Frances,Bisson,fbissonhd@macromedia.com,Non-binary,4.146.49.236
627,Tandi,Gurry,tgurryhe@nbcnews.com,Female,153.130.13.53
628,Silva,Dimitriou,sdimitriouhf@wikia.com,Female,25.32.33.20
629,Abbey,Oppie,aoppiehg@phoca.cz,Male,32.101.150.234
630,Lora,Sevin,lsevinhh@webmd.com,Female,70.112.93.85
631,Aharon,Vearncombe,avearncombehi@cmu.edu,Male,128.161.245.243
632,Derrek,Farmloe,dfarmloehj@ucsd.edu,Male,9.93.226.226
633,Blake,Goldie,bgoldiehk@gizmodo.com,Male,195.140.176.237
634,Godfry,Oland,golandhl@home.pl,Male,73.179.239.176
635,Gilles,Vanin,gvaninhm@pbs.org,Male,76.184.114.47
636,Cort,Danbi,cdanbihn@geocities.jp,Male,105.58.247.142
637,Archibold,Szymanski,aszymanskiho@seesaa.net,Male,44.60.180.255
638,Aharon,Brierly,abrierlyhp@blinklist.com,Male,96.221.224.101
639,Frederich,Porteous,fporteoushq@tiny.cc,Male,179.93.228.22
640,Stefa,Gulvin,sgulvinhr@columbia.edu,Female,183.40.91.227
641,Shayne,Brockie,sbrockiehs@intel.com,Male,247.182.237.164
642,Sam,Garron,sgarronht@jigsy.com,Male,188.232.206.224
643,Griswold,Smowton,gsmowtonhu@liveinternet.ru,Male,103.112.182.205
644,Dael,Marfell,dmarfellhv@amazonaws.com,Female,9.163.208.158
645,Vasili,Ryde,vrydehw@shop-pro.jp,Bigender,45.41.49.231
646,Marin,Swyne,mswynehx@sina.com.cn,Female,17.65.235.154
647,Steven,Larkin,slarkinhy@toplist.cz,Genderqueer,115.244.183.59
648,Jarred,Olliffe,jolliffehz@amazon.co.uk,Male,151.246.118.139
649,Shina,Lepard,slepardi0@csmonitor.com,Female,116.91.21.193
650,Wolfy,Humber,whumberi1@deviantart.com,Male,4.211.56.64
651,Carol,Wharton,cwhartoni2@paypal.com,Female,129.14.118.174
652,Carey,Riddick,criddicki3@xing.com,Female,246.149.21.108
653,Basilio,Hitchens,bhitchensi4@hibu.com,Male,139.13.209.52
654,Dniren,Buller,dbulleri5@tumblr.com,Female,15.190.251.90
655,Tonya,Renfree,trenfreei6@go.com,Female,57.244.41.198
656,Marilee,Mitford,mmitfordi7@multiply.com,Female,193.222.188.182
657,Redd,Sperling,rsperlingi8@apple.com,Male,192.105.71.33
658,Dolf,Arson,darsoni9@hubpages.com,Polygender,131.106.217.136
659,Hillard,Whitty,hwhittyia@ameblo.jp,Genderfluid,172.166.224.216
660,Arthur,Cana,acanaib@usa.gov,Male,80.31.34.125
661,Consolata,Capinetti,ccapinettiic@mapy.cz,Genderfluid,151.92.106.38
662,Ruben,Vittery,rvitteryid@fastcompany.com,Male,222.231.167.171
663,Benoit,Rembaud,brembaudie@imageshack.us,Male,166.200.199.112
664,Mic,Bysshe,mbyssheif@narod.ru,Male,251.83.31.106
665,Tuckie,Benneton,tbennetonig@businessinsider.com,Male,116.114.246.250
666,Mable,Kingzet,mkingzetih@unc.edu,Female,236.132.223.130
667,Halimeda,Jaukovic,hjaukovicii@discuz.net,Female,107.42.255.226
668,Blanca,MacConnal,bmacconnalij@jimdo.com,Female,23.61.122.81
669,Paige,Farmiloe,pfarmiloeik@ning.com,Female,49.25.194.121
670,Lucina,Brumen,lbrumenil@webmd.com,Agender,14.99.38.184
671,Antoinette,Farmer,afarmerim@newyorker.com,Female,33.207.153.173
672,Guinevere,Duffitt,gduffittin@domainmarket.com,Female,53.225.52.220
673,Benedikta,Tomsett,btomsettio@princeton.edu,Genderqueer,235.36.144.61
674,Terry,Harlock,tharlockip@networksolutions.com,Female,137.165.227.186
675,Winn,Langelaan,wlangelaaniq@newyorker.com,Male,66.188.114.77
676,Ash,Marishenko,amarishenkoir@biglobe.ne.jp,Male,172.0.70.176
677,Brigitte,Mathison,bmathisonis@prweb.com,Female,57.17.67.38
678,Pacorro,Oblein,pobleinit@slate.com,Male,134.88.114.23
679,Caspar,Caiger,ccaigeriu@un.org,Male,86.67.247.20
680,Othilie,Flitcroft,oflitcroftiv@irs.gov,Non-binary,81.101.54.230
681,Ashbey,Steventon,asteventoniw@biblegateway.com,Male,64.73.137.156
682,Cathrine,Earle,cearleix@imgur.com,Bigender,237.48.246.202
683,Jaimie,Sidworth,jsidworthiy@biblegateway.com,Male,170.15.158.245
684,Chiquita,MacRory,cmacroryiz@dailymail.co.uk,Genderfluid,105.240.182.194
685,Kessia,Whordley,kwhordleyj0@163.com,Female,216.75.113.123
686,Deanna,Opdenort,dopdenortj1@privacy.gov.au,Female,235.224.99.166
687,Isador,Bergeon,ibergeonj2@yellowbook.com,Male,252.216.47.106
688,Ardene,Beckey,abeckeyj3@marriott.com,Female,51.232.229.136
689,Crichton,Atyea,catyeaj4@dmoz.org,Male,31.6.62.6
690,Prudence,Limpkin,plimpkinj5@scribd.com,Female,150.73.207.75
691,Reggy,Calltone,rcalltonej6@wisc.edu,Male,136.228.198.79
692,Vivian,Mattschas,vmattschasj7@ycombinator.com,Female,27.23.53.181
693,Olivie,McClinton,omcclintonj8@exblog.jp,Female,188.140.235.63
694,Rosabella,O'Boyle,roboylej9@ning.com,Female,236.78.80.142
695,Izzy,Sheridan,isheridanja@google.ca,Male,56.78.32.179
696,Rivi,Roscrigg,rroscriggjb@stanford.edu,Female,217.205.43.69
697,Claus,Celler,ccellerjc@trellian.com,Male,209.190.121.70
698,Lynett,Gullivan,lgullivanjd@msu.edu,Female,155.166.35.73
699,Floris,Nance,fnanceje@macromedia.com,Female,179.69.25.236
700,Reinwald,Niesing,rniesingjf@51.la,Male,22.35.2.86
701,Alexandre,Quirke,aquirkejg@youku.com,Male,129.69.91.201
702,Romona,de Banke,rdebankejh@quantcast.com,Female,176.58.124.189
703,Pembroke,Holberry,pholberryji@bizjournals.com,Male,137.118.83.37
704,Zacherie,Bluck,zbluckjj@engadget.com,Male,14.90.148.63
705,Gennie,Titford,gtitfordjk@yelp.com,Female,187.16.51.179
706,Donny,Bremen,dbremenjl@blogtalkradio.com,Male,219.15.215.155
707,Myrvyn,Mattis,mmattisjm@de.vu,Male,75.133.2.21
708,Tobe,Walklot,twalklotjn@goodreads.com,Male,60.128.180.164
709,Rachael,Adair,radairjo@google.co.uk,Genderfluid,103.175.37.105
710,Boote,Blachford,bblachfordjp@boston.com,Male,42.168.222.235
711,Jacqueline,Veltman,jveltmanjq@free.fr,Female,13.15.203.59
712,Flossie,Steer,fsteerjr@over-blog.com,Polygender,172.129.154.5
713,D'arcy,Pooke,dpookejs@acquirethisname.com,Male,76.140.12.44
714,Kerwinn,Evamy,kevamyjt@webeden.co.uk,Male,102.36.252.160
715,Ranique,Mattek,rmattekju@ca.gov,Female,77.105.206.84
716,Vickie,Gulliford,vgullifordjv@reference.com,Female,99.86.255.89
717,Gui,Waddup,gwaddupjw@abc.net.au,Female,203.36.91.103
718,Ula,Teek,uteekjx@fotki.com,Female,85.230.182.254
719,Drugi,Ascroft,dascroftjy@w3.org,Male,116.150.44.50
720,Rahel,Egar,regarjz@symantec.com,Female,199.88.211.254
721,Hewitt,Reubens,hreubensk0@sohu.com,Male,35.224.238.57
722,Matilde,Batchelder,mbatchelderk1@wix.com,Female,213.159.241.44
723,Margeaux,Tothe,mtothek2@prnewswire.com,Female,105.29.28.18
724,Reta,Swinnard,rswinnardk3@github.com,Female,250.224.13.140
725,Dynah,Dowsing,ddowsingk4@nifty.com,Female,19.126.46.18
726,Yvor,Cornish,ycornishk5@squidoo.com,Male,101.118.146.174
727,Lenore,Gauson,lgausonk6@hhs.gov,Female,15.221.27.153
728,Misty,MacFaell,mmacfaellk7@reference.com,Female,36.45.213.82
729,Waverly,Willows,wwillowsk8@alibaba.com,Male,148.216.241.46
730,Abe,Boustred,aboustredk9@who.int,Male,162.190.101.255
731,Mace,Onslow,monslowka@acquirethisname.com,Male,167.208.109.141
732,Debor,Cody,dcodykb@pbs.org,Female,145.253.87.97
733,Edgard,Guillerman,eguillermankc@bing.com,Male,46.136.14.165
734,Orazio,McTrustie,omctrustiekd@delicious.com,Bigender,115.24.44.177
735,Joyan,Dykas,jdykaske@sourceforge.net,Female,230.119.234.128
736,Vina,Scranney,vscranneykf@bloglines.com,Female,44.11.38.71
737,Jock,Hawtin,jhawtinkg@discuz.net,Male,177.89.45.119
738,Benn,Goodyear,bgoodyearkh@sitemeter.com,Male,196.128.88.225
739,Nick,Jauncey,njaunceyki@liveinternet.ru,Male,221.39.69.94
740,Waylan,Bondesen,wbondesenkj@columbia.edu,Male,192.179.210.44
741,Valentina,Whieldon,vwhieldonkk@reverbnation.com,Female,72.167.217.19
742,Opalina,Waterhous,owaterhouskl@ycombinator.com,Female,164.2.40.65
743,Jodie,Joysey,jjoyseykm@auda.org.au,Male,128.66.22.136
744,Zola,Banner,zbannerkn@hud.gov,Female,57.128.121.82
745,Angie,Sidsaff,asidsaffko@mail.ru,Female,102.30.3.218
746,Ben,Iffe,biffekp@slashdot.org,Polygender,221.227.184.244
747,Samuel,Squirrel,ssquirrelkq@wikispaces.com,Male,111.140.27.33
748,Cristine,Giacovelli,cgiacovellikr@uol.com.br,Female,206.90.66.168
749,Mufinella,Benford,mbenfordks@etsy.com,Female,178.21.77.219
750,Dorie,Cauldfield,dcauldfieldkt@netvibes.com,Female,53.123.39.100
751,Valerye,Coventry,vcoventryku@dot.gov,Female,118.38.133.59
752,Dicky,Featherstonehaugh,dfeatherstonehaughkv@baidu.com,Male,164.145.11.203
753,Jesus,Cashell,jcashellkw@paginegialle.it,Male,116.168.33.184
754,Brinna,McVee,bmcveekx@nasa.gov,Female,131.238.98.251
755,Kylie,Tradewell,ktradewellky@nsw.gov.au,Male,4.63.15.2
756,Harrie,Polye,hpolyekz@blogspot.com,Female,101.98.94.46
757,Nerita,Wetherburn,nwetherburnl0@taobao.com,Female,78.137.85.5
758,Alec,Dee,adeel1@ted.com,Male,253.109.192.22
759,Vivienne,Ascroft,vascroftl2@gravatar.com,Genderfluid,86.129.188.75
760,Gina,Lillecrop,glillecropl3@angelfire.com,Female,101.93.237.220
761,Reeta,Hospital,rhospitall4@google.fr,Female,195.244.108.119
762,Quentin,Waddilove,qwaddilovel5@ifeng.com,Female,71.4.22.155
763,Berne,Lenthall,blenthalll6@upenn.edu,Male,228.124.94.185
764,Jaymee,Charnick,jcharnickl7@multiply.com,Female,140.164.118.166
765,Tori,McCudden,tmccuddenl8@nationalgeographic.com,Female,82.17.250.11
766,Alvis,Revely,arevelyl9@craigslist.org,Male,233.144.14.148
767,Christoph,Corgenvin,ccorgenvinla@state.gov,Male,215.109.62.254
768,Thacher,Winstone,twinstonelb@oakley.com,Male,213.195.41.12
769,Anna-diane,Prate,apratelc@ibm.com,Female,144.22.109.233
770,Basia,Rennolds,brennoldsld@google.com.au,Female,145.136.20.4
771,Milka,Ewebank,mewebankle@marketwatch.com,Female,2.224.173.117
772,Gallagher,Dudleston,gdudlestonlf@cbc.ca,Male,128.251.237.36
773,Bondie,Robotham,brobothamlg@ycombinator.com,Male,61.17.236.181
774,Winifield,Eustis,weustislh@sogou.com,Bigender,69.37.245.184
775,Jennifer,Kobierzycki,jkobierzyckili@github.com,Female,203.66.120.59
776,Calypso,Evens,cevenslj@ning.com,Female,166.181.191.159
777,Danell,Blundell,dblundelllk@blinklist.com,Female,131.127.2.187
778,Nissa,Androsik,nandrosikll@goodreads.com,Female,239.167.30.148
779,Juline,Elleray,jelleraylm@ustream.tv,Female,76.135.78.182
780,Laurice,McCaghan,lmccaghanln@apple.com,Female,60.28.79.140
781,Darren,Gilardengo,dgilardengolo@newsvine.com,Male,98.197.18.180
782,Blane,Catlette,bcatlettelp@ucla.edu,Male,204.145.69.50
783,Naomi,Stagg,nstagglq@va.gov,Female,72.53.53.232
784,Arri,Cardinal,acardinallr@illinois.edu,Bigender,212.202.95.147
785,Flora,Ovesen,fovesenls@spotify.com,Female,206.202.205.27
786,Adriane,Bohling,abohlinglt@technorati.com,Female,133.71.226.22
787,Jerrilee,Bridgman,jbridgmanlu@lycos.com,Female,125.140.179.92
788,Rodi,Pestricke,rpestrickelv@wufoo.com,Female,244.204.134.146
789,Vince,Brookton,vbrooktonlw@w3.org,Male,92.97.239.101
790,Zorine,Pettitt,zpettittlx@foxnews.com,Genderfluid,135.203.210.48
791,Albertine,Le Huquet,alehuquetly@harvard.edu,Female,160.111.84.185
792,Torey,Knappitt,tknappittlz@w3.org,Genderfluid,27.230.153.66
793,Jeramie,Zanneli,jzannelim0@xing.com,Male,178.186.87.69
794,Ariadne,Sivorn,asivornm1@statcounter.com,Female,211.1.118.220
795,Link,Fripps,lfrippsm2@ucla.edu,Male,197.250.197.207
796,Osborn,Corston,ocorstonm3@comsenz.com,Male,1.58.180.171
797,Killy,Dwine,kdwinem4@netlog.com,Male,34.143.26.183
798,Lainey,Hartington,lhartingtonm5@ted.com,Female,162.123.159.94
799,Patton,Ramsden,pramsdenm6@usa.gov,Male,162.85.35.97
800,Jacquenette,Antat,jantatm7@hexun.com,Female,198.119.81.144
801,Hugibert,Abel,habelm8@ning.com,Male,127.21.124.42
802,Annie,Lebell,alebellm9@typepad.com,Female,248.112.241.193
803,Denise,Burder,dburderma@amazonaws.com,Female,101.169.152.221
804,Bertrando,Monteaux,bmonteauxmb@apple.com,Male,57.151.246.214
805,Kikelia,Belliard,kbelliardmc@vk.com,Female,196.101.167.195
806,Wynn,Twoohy,wtwoohymd@merriam-webster.com,Male,254.243.126.141
807,Nicola,Pidcock,npidcockme@wikimedia.org,Female,10.176.234.100
808,Georgianne,Otridge,gotridgemf@twitpic.com,Female,216.36.141.198
809,Alfonso,Drinkel,adrinkelmg@cmu.edu,Male,198.147.104.21
810,Bone,Pesic,bpesicmh@diigo.com,Male,191.134.247.107
811,Sasha,Featonby,sfeatonbymi@google.com.au,Male,165.21.160.113
812,Chalmers,Bryett,cbryettmj@apple.com,Male,138.7.183.176
813,Tynan,Piller,tpillermk@springer.com,Male,106.130.81.127
814,Shawnee,Cobbled,scobbledml@ifeng.com,Female,24.180.159.99
815,Dill,Place,dplacemm@google.com.au,Male,75.77.255.220
816,Terri,Digg,tdiggmn@1und1.de,Agender,153.143.86.216
817,Maris,Goody,mgoodymo@hc360.com,Female,154.248.41.183
818,Sonia,Skypp,sskyppmp@icio.us,Female,72.167.4.210
819,Thelma,Beurich,tbeurichmq@nba.com,Genderqueer,207.174.215.141
820,Clay,Buntine,cbuntinemr@home.pl,Male,189.187.187.95
821,Kalina,Dyott,kdyottms@mysql.com,Female,159.236.229.174
822,Meier,Sollner,msollnermt@nationalgeographic.com,Male,190.230.246.151
823,Lovell,Flewan,lflewanmu@redcross.org,Male,139.142.202.121
824,Emmalyn,Reilingen,ereilingenmv@xing.com,Female,138.23.241.119
825,Hammad,Dyka,hdykamw@php.net,Male,50.46.78.20
826,Flora,Suffe,fsuffemx@icio.us,Female,66.82.142.146
827,Ivie,Hanselmann,ihanselmannmy@scribd.com,Female,89.157.6.231
828,Ebenezer,Aimable,eaimablemz@stumbleupon.com,Male,110.114.199.164
829,Whitney,Tonna,wtonnan0@csmonitor.com,Male,35.206.64.220
830,Meade,Utting,muttingn1@cbslocal.com,Male,173.231.157.164
831,Des,Ivashintsov,divashintsovn2@harvard.edu,Male,142.54.250.149
832,Chrystel,Kikke,ckikken3@addtoany.com,Female,144.99.146.220
833,Zeb,Scarff,zscarffn4@telegraph.co.uk,Male,81.143.81.193
834,Marius,Kepp,mkeppn5@nba.com,Male,2.148.5.226
835,Fran,Caze,fcazen6@dedecms.com,Male,211.160.23.146
836,Shayne,Swanton,sswantonn7@mashable.com,Male,210.61.230.91
837,Gunar,Provis,gprovisn8@about.com,Male,146.118.122.169
838,Micah,Seawright,mseawrightn9@creativecommons.org,Male,55.253.219.179
839,Kimble,Berrie,kberriena@noaa.gov,Male,168.225.61.105
840,Mina,Rickarsey,mrickarseynb@xrea.com,Female,26.95.227.88
841,Wes,Surgeoner,wsurgeonernc@cafepress.com,Male,11.237.157.90
842,Melonie,Flanagan,mflanagannd@shutterfly.com,Female,157.196.160.239
843,Katuscha,O'Crevan,kocrevanne@springer.com,Agender,225.134.17.13
844,Fran,MacSwayde,fmacswaydenf@cafepress.com,Male,165.82.56.43
845,Marchall,Antoniottii,mantoniottiing@tiny.cc,Male,173.19.5.84
846,Louise,Twort,ltwortnh@imdb.com,Female,111.110.157.211
847,Dulsea,Kiely,dkielyni@epa.gov,Female,36.216.4.236
848,Rosco,Norton,rnortonnj@pcworld.com,Male,177.139.44.53
849,Cortney,Blankhorn,cblankhornnk@live.com,Female,104.103.68.14
850,Terence,Barkshire,tbarkshirenl@ocn.ne.jp,Male,252.121.190.147
851,Doe,O'Dooghaine,dodooghainenm@techcrunch.com,Female,183.23.15.21
852,Allyn,Bedham,abedhamnn@sitemeter.com,Male,44.231.38.192
853,Edgardo,Goff,egoffno@foxnews.com,Male,4.197.142.237
854,Isidor,Ions,iionsnp@msn.com,Male,206.103.184.11
855,Ric,Riddett,rriddettnq@a8.net,Male,173.69.154.72
856,Kennan,Hethron,khethronnr@buzzfeed.com,Male,123.76.185.203
857,Vivi,Segrott,vsegrottns@rakuten.co.jp,Female,242.101.77.41
858,Wyndham,Thirlwall,wthirlwallnt@hc360.com,Male,64.194.118.97
859,Deva,Pyffe,dpyffenu@miibeian.gov.cn,Female,144.244.141.204
860,Anabal,Allen,aallennv@odnoklassniki.ru,Female,199.171.248.34
861,Codie,Reggler,cregglernw@clickbank.net,Male,6.231.79.241
862,Dannie,Byfield,dbyfieldnx@163.com,Male,98.124.82.171
863,Harmon,Gobell,hgobellny@examiner.com,Male,40.80.217.62
864,Donni,Bortoletti,dbortolettinz@japanpost.jp,Female,51.61.221.205
865,Travers,Duckering,tduckeringo0@eepurl.com,Male,155.79.153.40
866,Dixie,Kinworthy,dkinworthyo1@slashdot.org,Female,183.194.60.107
867,Gregor,Owens,gowenso2@chron.com,Male,103.124.62.66
868,Jon,Cubitt,jcubitto3@amazon.co.uk,Male,201.212.126.38
869,Cross,Olivari,colivario4@diigo.com,Male,153.225.189.165
870,Kippar,Betje,kbetjeo5@walmart.com,Male,135.116.79.144
871,Mohammed,Laroux,mlarouxo6@booking.com,Male,123.75.146.71
872,Dell,Mennithorp,dmennithorpo7@printfriendly.com,Male,136.177.162.32
873,Cicily,Goncalo,cgoncaloo8@opensource.org,Female,93.42.44.41
874,Binni,Eglese,begleseo9@jigsy.com,Female,33.171.8.92
875,Pryce,Sherwell,psherwelloa@uol.com.br,Male,79.46.67.214
876,Hettie,Regi,hregiob@4shared.com,Female,100.88.134.147
877,Dorrie,Timms,dtimmsoc@shutterfly.com,Female,40.32.235.149
878,Kissie,Ovize,kovizeod@hostgator.com,Female,194.28.241.137
879,Valentino,Elwill,velwilloe@blog.com,Non-binary,69.49.124.61
880,Joice,Verson,jversonof@networksolutions.com,Female,192.86.16.191
881,Dennie,Dossetter,ddossetterog@wordpress.com,Male,237.225.239.181
882,Shell,Blodg,sblodgoh@opera.com,Female,188.158.63.153
883,Sidney,McColm,smccolmoi@infoseek.co.jp,Genderqueer,148.51.211.65
884,Ruby,Butterfill,rbutterfilloj@sbwire.com,Male,48.69.155.210
885,Giralda,Maylour,gmaylourok@wired.com,Female,71.110.155.52
886,Katya,Coning,kconingol@smh.com.au,Female,200.170.210.13
887,Byrann,Wintringham,bwintringhamom@sfgate.com,Male,55.217.83.46
888,Spencer,Hryncewicz,shryncewiczon@china.com.cn,Male,193.133.3.25
889,Abram,Waldrum,awaldrumoo@photobucket.com,Male,237.69.187.165
890,Anastassia,Crosdill,acrosdillop@fc2.com,Female,201.20.100.128
891,April,Genthner,agenthneroq@ucsd.edu,Female,241.89.250.37
892,Moishe,Mowday,mmowdayor@theglobeandmail.com,Male,239.198.147.128
893,Fredelia,Francais,ffrancaisos@usgs.gov,Female,211.82.55.243
894,Brod,Sainthill,bsainthillot@creativecommons.org,Male,143.155.13.59
895,Etan,Matisse,ematisseou@delicious.com,Male,219.132.225.31
896,Rici,Benzies,rbenziesov@icq.com,Female,247.245.92.57
897,Shirl,Easterfield,seasterfieldow@mashable.com,Female,124.248.121.198
898,Killie,Drennan,kdrennanox@youtube.com,Male,124.62.48.227
899,Marie-jeanne,Fessions,mfessionsoy@zdnet.com,Female,2.240.68.25
900,Loren,Clayworth,lclayworthoz@joomla.org,Male,12.12.23.98
901,Barbabra,Tilliards,btilliardsp0@unblog.fr,Genderfluid,196.82.186.17
902,Oberon,Vsanelli,ovsanellip1@earthlink.net,Male,140.46.169.204
903,Vonny,Goudge,vgoudgep2@smh.com.au,Female,48.164.89.191
904,Vachel,Murcott,vmurcottp3@trellian.com,Male,63.86.86.193
905,Wynnie,Petherick,wpetherickp4@amazon.de,Female,170.96.99.170
906,Margaret,Mundford,mmundfordp5@washington.edu,Female,113.212.44.90
907,Francisco,Strooband,fstroobandp6@vkontakte.ru,Male,185.51.188.232
908,Rufe,Mattheissen,rmattheissenp7@businessweek.com,Male,8.236.24.176
909,Pincas,Jennins,pjenninsp8@people.com.cn,Male,235.44.113.28
910,Peter,Amorine,pamorinep9@blogtalkradio.com,Male,74.248.65.197
911,Julina,Tommen,jtommenpa@weibo.com,Female,113.205.199.123
912,Rodina,MacLeese,rmacleesepb@weibo.com,Female,153.162.208.47
913,Loella,Tillerton,ltillertonpc@domainmarket.com,Female,199.125.200.119
914,Lexis,Gubbin,lgubbinpd@blogger.com,Female,125.120.51.3
915,Leeanne,Brennans,lbrennanspe@youtu.be,Female,150.23.187.1
916,Urban,Blazek,ublazekpf@newyorker.com,Male,149.142.192.158
917,Tedman,Breukelman,tbreukelmanpg@google.fr,Male,1.169.183.208
918,Michel,Wykes,mwykesph@uiuc.edu,Female,218.43.252.2
919,Emiline,Margeram,emargerampi@xing.com,Female,29.153.77.23
920,Mordy,Titterton,mtittertonpj@uol.com.br,Male,126.247.207.232
921,Fabio,Iacovino,fiacovinopk@msu.edu,Bigender,68.195.206.6
922,Tisha,Kleinlerer,tkleinlererpl@cnbc.com,Female,201.69.75.21
923,Merci,Rucklidge,mrucklidgepm@discovery.com,Female,227.69.222.213
924,Lauren,O'Monahan,lomonahanpn@ft.com,Male,108.241.108.52
925,Shara,Castree,scastreepo@quantcast.com,Genderfluid,222.218.65.105
926,Agnola,Bovey,aboveypp@guardian.co.uk,Female,91.253.135.241
927,Lammond,Gatchel,lgatchelpq@cyberchimps.com,Agender,52.119.138.26
928,Alethea,Pacheco,apachecopr@bbc.co.uk,Female,165.17.119.182
929,Jacky,Abercrombie,jabercrombieps@bloglines.com,Male,189.158.209.51
930,Dexter,Ainsbury,dainsburypt@wp.com,Male,34.46.48.224
931,Bertina,O'Boyle,boboylepu@seesaa.net,Female,130.103.19.201
932,Forbes,Neilands,fneilandspv@prweb.com,Male,214.21.122.55
933,Garrik,Cheyne,gcheynepw@joomla.org,Male,215.205.31.247
934,Patience,Gipson,pgipsonpx@elegantthemes.com,Female,163.39.210.24
935,Jon,Ebdin,jebdinpy@indiegogo.com,Male,10.171.19.150
936,Olivette,Toe,otoepz@narod.ru,Female,146.168.184.64
937,Toddie,Ellor,tellorq0@auda.org.au,Male,20.86.58.194
938,Pauly,Fleming,pflemingq1@technorati.com,Male,108.99.137.132
939,Bartlett,Goodbairn,bgoodbairnq2@amazon.co.jp,Agender,19.177.135.112
940,Olivier,Bullin,obullinq3@spotify.com,Male,156.216.164.234
941,Morty,Polly,mpollyq4@fc2.com,Male,46.37.190.135
942,Anthiathia,Rosita,arositaq5@addtoany.com,Female,105.76.15.195
943,Erika,Plampeyn,eplampeynq6@artisteer.com,Female,81.114.192.119
944,Drucill,Bortoletti,dbortolettiq7@deliciousdays.com,Female,216.76.25.90
945,Levin,Fawdrey,lfawdreyq8@e-recht24.de,Male,68.81.29.112
946,Sib,Vashchenko,svashchenkoq9@sogou.com,Female,131.40.83.123
947,Aryn,Brazil,abrazilqa@unblog.fr,Female,58.155.220.144
948,Bernarr,Bayston,bbaystonqb@dyndns.org,Male,237.82.124.170
949,Merilee,Dikle,mdikleqc@chicagotribune.com,Genderqueer,110.242.167.82
950,Jacquenette,Samwayes,jsamwayesqd@bandcamp.com,Non-binary,183.145.202.252
951,Jessie,Derrington,jderringtonqe@apache.org,Female,225.77.72.153
952,Dyane,Jobin,djobinqf@quantcast.com,Female,116.249.224.36
953,Margi,Keasy,mkeasyqg@google.co.jp,Female,147.67.108.4
954,Euell,Polden,epoldenqh@vinaora.com,Male,39.236.184.103
955,Meagan,Jesty,mjestyqi@hatena.ne.jp,Female,50.175.117.128
956,Lanie,Vanacci,lvanacciqj@guardian.co.uk,Male,155.198.199.113
957,Jerrold,Highway,jhighwayqk@ocn.ne.jp,Male,118.147.24.52
958,Ricoriki,Wreford,rwrefordql@un.org,Genderfluid,52.35.159.10
959,Renard,Newcome,rnewcomeqm@photobucket.com,Male,170.225.1.91
960,Dolph,Glaister,dglaisterqn@constantcontact.com,Male,233.240.183.67
961,Tommie,Wahncke,twahnckeqo@auda.org.au,Female,192.118.104.19
962,Shelly,Titterington,stitteringtonqp@google.com.br,Female,141.252.48.132
963,Stirling,Seaking,sseakingqq@google.com.br,Male,161.8.28.79
964,Shepard,Statter,sstatterqr@github.com,Bigender,19.21.39.117
965,Fremont,Crannach,fcrannachqs@economist.com,Male,72.37.242.251
966,Dedra,Farden,dfardenqt@php.net,Female,63.178.89.120
967,Orin,McGilben,omcgilbenqu@pagesperso-orange.fr,Male,57.20.155.46
968,Marthe,Adshead,madsheadqv@dyndns.org,Agender,87.97.79.92
969,Rooney,McIlvaney,rmcilvaneyqw@delicious.com,Male,15.123.48.157
970,Ophelia,Giovannacc@i,ogiovannacciqx@ibm.com,Female,243.170.239.167
971,Ally,Popplewell,apopplewellqy@google.com.hk,Female,142.35.231.106
972,Blondell,Tripean,btripeanqz@house.gov,Female,124.164.246.68
973,Vale,Swabey,vswabeyr0@sakura.ne.jp,Male,157.167.187.64
974,Dollie,Kopfen,dkopfenr1@theguardian.com,Female,40.230.167.1
975,Mabelle,Ricciardelli,mricciardellir2@etsy.com,Female,124.132.173.110
976,Ferdinanda,Schermick,fschermickr3@ibm.com,Female,143.191.199.231
977,Gabie,Yegoshin,gyegoshinr4@google.com,Female,20.17.141.53
978,Toby,Till,ttillr5@psu.edu,Male,140.79.193.82
979,Dominga,Wellbank,dwellbankr6@sina.com.cn,Female,56.61.135.225
980,Greer,Ricarde,gricarder7@reuters.com,Female,203.116.69.21
981,Torie,Corse,tcorser8@cmu.edu,Polygender,51.64.221.44
982,Hubert,Brixham,hbrixhamr9@wunderground.com,Male,97.56.247.121
983,Asia,Pencost,apencostra@nydailynews.com,Female,170.113.105.142
984,Hubie,Shuker,hshukerrb@answers.com,Male,42.75.159.76
985,Florie,Warke,fwarkerc@wp.com,Female,182.90.120.59
986,Emilee,Faucherand,efaucherandrd@statcounter.com,Female,130.203.83.46
987,Othilie,Wadmore,owadmorere@ebay.com,Female,141.35.161.85
988,Emilee,Conkie,econkierf@w3.org,Female,191.148.195.128
989,Barbabas,Gilburt,bgilburtrg@uiuc.edu,Male,93.43.76.181
990,Bradney,Delacroix,bdelacroixrh@npr.org,Male,105.154.162.127
991,Elwira,Huzzay,ehuzzayri@posterous.com,Female,32.60.115.4
992,Desi,Frayling,dfraylingrj@hao123.com,Polygender,114.96.124.54
993,Alonzo,Heffron,aheffronrk@businesswire.com,Male,196.22.175.2
994,Arel,Bendig,abendigrl@mail.ru,Male,51.18.45.135
995,Pepillo,Rehorek,prehorekrm@technorati.com,Male,191.226.30.81
996,Tania,Obbard,tobbardrn@opensource.org,Female,111.193.190.95
997,Nicoli,Cavee,ncaveero@usda.gov,Female,25.131.122.184
998,Sonia,Fante,sfanterp@mozilla.com,Female,111.35.65.89
999,Sheba,Pherps,spherpsrq@networksolutions.com,Female,253.1.188.136
1000,Rorke,Riddle,rriddlerr@icq.com,Male,44.55.206.43
